{"auc": 0.5, "sens": 1.0, "spec": 0.0, "prec": 0.7647058823529411, "npv": NaN, "F1": 0.8666666666666666, "conf_mat": [[13, 4], [0, 0]]}