{"auc": 0.5, "sens": 1.0, "spec": 0.0, "prec": 0.7777777777777778, "npv": NaN, "F1": 0.8750000000000001, "conf_mat": [[7, 2], [0, 0]]}