{"auc": 0.5, "sens": 0.0, "spec": 0.2857142857142857, "prec": NaN, "npv": 0.2222222222222222, "F1": NaN, "conf_mat": [[0, 0], [7, 2]]}