{"auc": 0.4642857142857143, "sens": 0.42857142857142855, "spec": 0.2, "prec": 0.75, "npv": 0.2, "F1": 0.5454545454545454, "conf_mat": [[3, 1], [4, 1]]}